company_id,company,founded_year,employees,employees_as_of,revenue_eur_m,revenue_year,funding_round_amount_eur_m,funding_round_year,funding_round_amount_original,funding_round_currency,valuation_eur_m,valuation_year,backlog_eur_m,backlog_year,metric_source_url,source_type,confidence,notes
EO0023,GAF AG,,,,,,,,,,,,,,,,not yet verified,Blank values mean not yet verified; do not interpret as zero.
EO0027,GeoVille,,,,,,,,,,,,,,,,not yet verified,Blank values mean not yet verified; do not interpret as zero.
EO0025,S&T,,,,,,,,,,,,,,,,not yet verified,Blank values mean not yet verified; do not interpret as zero.
EO0022,VITO Remote Sensing,,,,,,,,,,,,,,,,not yet verified,Blank values mean not yet verified; do not interpret as zero.
EO0019,CloudFerro,,,,,,75,2026,up to €75m,EUR,,,,,https://cloudferro.com/news/cloudferro-secures-up-to-eur-75-million-in-financing-from-a-consortium-of-banks/,Official company announcement,high,"Up to €75m in bank financing announced in February 2026. Debt financing, not equity funding."
EO0028,Dunia / GeoVille,,,,,,,,,,,,,,,,not yet verified,Blank values mean not yet verified; do not interpret as zero.
EO0024,Mundi,,,,,,,,,,,,,,,,not yet verified,Blank values mean not yet verified; do not interpret as zero.
EO0020,Sinergise,,,,,,,,,,,,,,,,not yet verified,Blank values mean not yet verified; do not interpret as zero.
EO0026,T-Systems,,,,,,,,,,,,,,,,not yet verified,Blank values mean not yet verified; do not interpret as zero.
EO0021,rasdaman GmbH,,,,,,,,,,,,,,,,not yet verified,Blank values mean not yet verified; do not interpret as zero.
EO0009,Absolut Sensing,,,,,,,,,,,,,,,,not yet verified,Blank values mean not yet verified; do not interpret as zero.
EO0001,Aerospacelab,2018,,,,,94,2025,€94m extended Series B,EUR,,,,,https://www.aerospacelab.com/blog/press-releases-1/aerospacelab-secures-94-million-eur-110-million-usd-to-accelerate-its-ambitious-roadmap-35,Official company announcement,high,Extended Series B totalling €94m in Aug 2025; round includes €56m and a €38m commitment from a European financial institution. Not lifetime funding.
EO0016,Airbus Defence and Space,,36244,2025-12-31,13400,2025,,,,,,,,,https://www.airbus.com/en/newsroom/press-releases/2026-02-airbus-reports-full-year-fy-2025-results,Official parent annual results,high,"Segment revenue €13.405bn and 36,244 employees for Airbus Defence and Space. Parent-segment figures include non-EO defence/space activities; not EO-only."
EO0007,Aistech Space,,,,,,,,,,,,,,,,not yet verified,Blank values mean not yet verified; do not interpret as zero.
EO0015,E-Geos,,,,,,,,,,,,,,,,not yet verified,Blank values mean not yet verified; do not interpret as zero.
EO0030,EUSI,,,,,,,,,,,,,,,,not yet verified,Blank values mean not yet verified; do not interpret as zero.
EO0003,EnduroSat,,,,,,,2025,$104m,USD,,,,,https://www.endurosat.com/news/endurosat-secures-104-million-to-scale-espa-class-satellite-production/,Official company announcement,high,Announced $104m funding round in October 2025. A separate €43m round was announced in May 2025; do not add rounds unless the relationship between rounds is clear.
EO0029,European Space Imaging,,,,,,,,,,,,,,,,not yet verified,Blank values mean not yet verified; do not interpret as zero.
EO0018,GEOSAT,,,,,,,,,,,,,,,,not yet verified,Blank values mean not yet verified; do not interpret as zero.
EO0031,GHGSat Europe,,,,,,,2025,CAD 47m,CAD,,,,,https://wwwcf.ghgsat.com/resources/ghgsat-secures-47m-in-new-funding-to-accelerate-global-expansion/,Official company announcement,high,"CAD $47m financing in September 2025, including convertible notes and debt. Metric relates to GHGSat group, not specifically a German subsidiary."
EO0014,Hisdesat,,,,,,,,,,,,,,,,not yet verified,Blank values mean not yet verified; do not interpret as zero.
EO0017,ICEYE,2014,1000+,2025,250+,2025,1000,2026,"€1,000m",EUR,10000+,2026,1500,2025,https://www.iceye.com/newsroom/press-releases/iceye-announces-2025-financials | https://www.iceye.com/company/history,Official company announcement,high,"2025 company-reported revenue >€250m, EBITDA >€100m, backlog €1.5bn and >1,000 employees. 2026 Series F €1bn and valuation >€10bn. Funding is latest round, not lifetime total."
EO0004,Kuva Space,2016,,,,,,2023,€22.5m total funding (company-reported),EUR,,,,,https://kuvaspace.com/en/resources/kuva-space-raises-e16-6m-funding-round-to-launch-its-microsatellite-constellation-and-observe-the-molecular-composition-of-any-material-on-earth,Official company announcement,medium-high,Company page reports €22.5m total funding; published in connection with 2023 funding round. Keep total funding separate from a single round.
EO0034,MDA Space,,,,,,,,,,,,,,,,not yet verified,Blank values mean not yet verified; do not interpret as zero.
EO0010,Marble Imaging,2023,,,,,5.3,2025,€5.3m seed; >€10m earlier non-dilutive funding,EUR,,,,,https://marble-imaging.de/news,Official company announcement,high,€5.3m seed round announced Dec 2025; company also reports >€10m non-dilutive funding and a €3m ESA anchor contract. Do not add these categories without checking for overlap.
EO0012,ORUS,,,,,,,,,,,,,,,,not yet verified,Blank values mean not yet verified; do not interpret as zero.
EO0006,OroraTech,,,,,,37,2025,€37m,EUR,,,,,https://ororatech.com/resources/news-blog/ororatech-extends-its-series-b-to-euro37m-with-investments-from-two-leading-european-banks,Official company announcement,high,"Series B extended to €37m in May 2025. This is the round size, not confirmed lifetime funding."
EO0032,Planet Labs Germany,,,,,FY2026,,,,,,,,,https://www.sec.gov/Archives/edgar/data/1836833/000119312526241945/pl-20260527.htm,SEC filing / parent company,high,Planet Labs PBC reported FY2026 revenue of US$307.7m; not converted to EUR and not the German subsidiary's revenue.
EO0002,Prométhée Earth Intelligence,2020,,,,,2.2,2020,€2.2m first funding round,EUR,,,,,https://promethee.earth/promethee-la-toute-nouvelle-startup-francaise-du-new-space-boucle-sa-premiere-levee-de-fonds/,Official company announcement,medium-high,Official company release reports €2.2m first funding round. Historical round; not a lifetime total.
EO0011,SatVu,,,,,,,,,,,,,,,,not yet verified,Blank values mean not yet verified; do not interpret as zero.
EO0008,Satlantis,,220+,2025,47.8,2025,,,,,,,,,https://www.satlantis.com/satlantis-duplicates-profit-and-volume-in-2025/,Company announcement citing audited accounts,high,"Company reports audited 2025 revenue €47.8m and >220 people. Revenue includes its group business, not exclusively EO data services."
EO0033,Telespazio,,,,,,,,,,,,,,,,not yet verified,Blank values mean not yet verified; do not interpret as zero.
EO0013,Unseenlabs,,,,,,85,2025,€85m,EUR,,,,,https://unseenlabs.com/en/press-center/press-releases/unseenlabs-announces-record-breaking-e85m-fundraising/,Official company announcement,high,€85m fundraising round announced; not labelled as lifetime funding.
EO0005,constellr,2019,,,,,37,2026,€37m Series A; total funding €75m,EUR,,,,,https://www.constellr.com/article/constellr-secures-eu37-million-series-a-funding-to-deliver-defence-grade-thermal-intelligence,Official company announcement,high,€37m Series A in Feb 2026; company says this brings total funding to €75m.
