source_id,source_title,entity,publication_year,source_url,metrics_supported,source_type,quality_and_scope_notes
SRC001,ICEYE 2025 financials,ICEYE,2026,https://www.iceye.com/newsroom/press-releases/iceye-announces-2025-financials,"2025 revenue >€250m; EBITDA >€100m; backlog €1.5bn; >1,000 employees",Official company announcement,High; lower-bound figures retain + sign
SRC002,ICEYE company history,ICEYE,2026,https://www.iceye.com/company/history,2026 Series F €1bn; valuation >€10bn,Official company page,"High; latest round and valuation, not cumulative funding"
SRC003,EnduroSat $104m round,EnduroSat,2025,https://www.endurosat.com/news/endurosat-secures-104-million-to-scale-espa-class-satellite-production/,$104m funding round,Official company announcement,"High; round amount, not lifetime funding"
SRC004,OroraTech Series B extension,OroraTech,2025,https://ororatech.com/resources/news-blog/ororatech-extends-its-series-b-to-euro37m-with-investments-from-two-leading-european-banks,€37m Series B,Official company announcement,High; round amount
SRC005,Unseenlabs fundraising,Unseenlabs,2025,https://unseenlabs.com/en/press-center/press-releases/unseenlabs-announces-record-breaking-e85m-fundraising/,€85m funding round,Official company announcement,High; round amount
SRC006,CloudFerro financing,CloudFerro,2026,https://cloudferro.com/news/cloudferro-secures-up-to-eur-75-million-in-financing-from-a-consortium-of-banks/,Up to €75m bank financing,Official company announcement,"High; debt financing, not equity"
SRC007,GHGSat financing,GHGSat,2025,https://wwwcf.ghgsat.com/resources/ghgsat-secures-47m-in-new-funding-to-accelerate-global-expansion/,CAD $47m financing,Official company announcement,High; includes convertible notes and debt; group-level
SRC008,Satlantis 2025 results,Satlantis,2026,https://www.satlantis.com/satlantis-duplicates-profit-and-volume-in-2025/,€47.8m audited revenue; >220 employees,Company announcement citing audited accounts,High; group-level
SRC009,Airbus FY2025 results,Airbus,2026,https://www.airbus.com/en/newsroom/press-releases/2026-02-airbus-reports-full-year-fy-2025-results,"€13.405bn Airbus Defence and Space revenue; 36,244 employees",Official annual results,High; segment includes non-EO activities
SRC010,Planet Labs FY2026 filing,Planet Labs PBC,2026,https://www.sec.gov/Archives/edgar/data/1836833/000119312526241945/pl-20260527.htm,US$307.7m FY2026 revenue,SEC filing,"High; parent-company revenue, not subsidiary revenue"
SRC011,constellr Series A,constellr,2026,https://www.constellr.com/article/constellr-secures-eu37-million-series-a-funding-to-deliver-defence-grade-thermal-intelligence,€37m Series A; €75m total funding,Official company announcement,High; company-reported total funding
SRC012,Aerospacelab Series B,Aerospacelab,2025,https://www.aerospacelab.com/blog/press-releases-1/aerospacelab-secures-94-million-eur-110-million-usd-to-accelerate-its-ambitious-roadmap-35,€94m extended Series B,Official company announcement,"High; funding round, not lifetime funding"
SRC013,Marble Imaging seed,Marble Imaging,2025,https://marble-imaging.de/news,€5.3m seed; >€10m non-dilutive funding; €3m ESA contract,Official company announcement,High; different financing/contract types kept distinct
SRC014,Kuva Space funding,Kuva Space,2023,https://kuvaspace.com/en/resources/kuva-space-raises-e16-6m-funding-round-to-launch-its-microsatellite-constellation-and-observe-the-molecular-composition-of-any-material-on-earth,€22.5m total funding reported,Official company announcement,Medium-high; total funding figure as reported on company page
SRC015,Prométhée first funding round,Prométhée Earth Intelligence,2020,https://promethee.earth/promethee-la-toute-nouvelle-startup-francaise-du-new-space-boucle-sa-premiere-levee-de-fonds/,€2.2m first funding round,Official company announcement,"Medium-high; historical round, not lifetime total"
SRC016,EARSC Industry Survey 2025,EARSC,2025,https://earsc.org/industry-insights/,"811 companies; 16,036 employees; €2.66bn revenue; 9.16% growth",Industry survey,Industry aggregate; do not allocate to company records
SRC017,EUSPA 2026 market report,EUSPA,2026,https://www.euspa.europa.eu/newsroom-events/news/new-euspa-market-report-here,Global EO market revenue and forecast,Market report,"Demand-side market sizing, not company revenue"
