company,country,primary_layer,technology_domain,specific_capability,european_programme_role,maturity_bucket,programme_reference_year,evidence_type,source_url
Aerospacelab,Belgium,Satellite/data provider,Optical,Multispectral,Copernicus Contributing Mission,Emerging,2023,ESA/EC CCM cohort,https://www.esa.int/Applications/Observing_the_Earth/Copernicus/New_Space_companies_join_Copernicus
Prométhée Earth Intelligence,France,Satellite/data provider,Optical,Multispectral,Copernicus Contributing Mission,Emerging,2023,ESA/EC CCM cohort,https://www.esa.int/Applications/Observing_the_Earth/Copernicus/New_Space_companies_join_Copernicus
EnduroSat,Bulgaria,Satellite/data provider,Optical,Multispectral,Copernicus Contributing Mission,Emerging,2023,ESA/EC CCM cohort,https://www.esa.int/Applications/Observing_the_Earth/Copernicus/New_Space_companies_join_Copernicus
Kuva Space,Finland,Satellite/data provider,Hyperspectral,Hyperspectral,Copernicus Contributing Mission,Emerging,2023,ESA/EC CCM cohort,https://www.esa.int/Applications/Observing_the_Earth/Copernicus/New_Space_companies_join_Copernicus
constellr,Germany,Satellite/data provider,Thermal,Thermal infrared,Copernicus Contributing Mission,Emerging,2023,ESA/EC CCM cohort,https://www.esa.int/Applications/Observing_the_Earth/Copernicus/New_Space_companies_join_Copernicus
OroraTech,Germany,Satellite/data provider,Thermal,Thermal infrared,Copernicus Contributing Mission,Emerging,2023,ESA/EC CCM cohort,https://www.esa.int/Applications/Observing_the_Earth/Copernicus/New_Space_companies_join_Copernicus
Aistech Space,Spain,Satellite/data provider,Thermal,Thermal infrared,Copernicus Contributing Mission,Emerging,2023,ESA/EC CCM cohort,https://www.esa.int/Applications/Observing_the_Earth/Copernicus/New_Space_companies_join_Copernicus
Satlantis,Spain,Satellite/data provider,Optical,Atmospheric composition,Copernicus Contributing Mission,Emerging,2023,ESA/EC CCM cohort,https://www.esa.int/Applications/Observing_the_Earth/Copernicus/New_Space_companies_join_Copernicus
Absolut Sensing,France,Satellite/data provider,Atmospheric,Atmospheric composition,Copernicus Contributing Mission,Emerging,2023,ESA/EC CCM cohort,https://www.esa.int/Applications/Observing_the_Earth/Copernicus/New_Space_companies_join_Copernicus
Marble Imaging,Germany,Satellite/data provider,Optical,Optical imaging,Copernicus Contributing Mission,Emerging,2025,ESA/EC CCM cohort,https://www.esa.int/Applications/Observing_the_Earth/Copernicus/Six_new_commercial_missions_join_Copernicus
SatVu,United Kingdom,Satellite/data provider,Thermal,Thermal infrared,Copernicus Contributing Mission,Emerging,2025,ESA/EC CCM cohort,https://www.esa.int/Applications/Observing_the_Earth/Copernicus/Six_new_commercial_missions_join_Copernicus
ORUS,France,Satellite/data provider,Optical,Optical imaging,Copernicus Contributing Mission,Emerging,2025,ESA/EC CCM cohort,https://www.esa.int/Applications/Observing_the_Earth/Copernicus/Six_new_commercial_missions_join_Copernicus
Unseenlabs,France,Satellite/data provider,RF,RF geolocation,Copernicus Contributing Mission,Emerging,2025,ESA/EC CCM cohort,https://www.esa.int/Applications/Observing_the_Earth/Copernicus/Six_new_commercial_missions_join_Copernicus
Hisdesat,Spain,Satellite/data provider,Optical/Radar,Commercial EO data,Copernicus Contributing Mission,Established,2025,ESA/EC CCM contract,https://www.esa.int/Applications/Observing_the_Earth/Copernicus/19_New_Space_signatures_for_Copernicus_Contributing_Missions
E-Geos,Italy,Satellite/data provider,Optical/Radar,Commercial EO data,Copernicus Contributing Mission,Established,2025,ESA/EC CCM contract,https://www.esa.int/Applications/Observing_the_Earth/Copernicus/19_New_Space_signatures_for_Copernicus_Contributing_Missions
Airbus Defence and Space,France/Germany,Satellite/data provider,Optical/Radar,Commercial EO data,Copernicus Contributing Mission,Established,2025,ESA/EC CCM contract,https://www.esa.int/Applications/Observing_the_Earth/Copernicus/19_New_Space_signatures_for_Copernicus_Contributing_Missions
ICEYE,Finland,Satellite/data provider,Radar,SAR,Copernicus Contributing Mission,Established,2025,ESA/EC CCM contract,https://www.esa.int/Applications/Observing_the_Earth/Copernicus/19_New_Space_signatures_for_Copernicus_Contributing_Missions
GEOSAT,Portugal,Satellite/data provider,Optical,Commercial EO data,Copernicus Contributing Mission,Established,2025,ESA/EC CCM contract,https://www.esa.int/Applications/Observing_the_Earth/Copernicus/19_New_Space_signatures_for_Copernicus_Contributing_Missions
CloudFerro,Poland,Cloud/data infrastructure,Cloud,EO cloud processing,CDSE third-party service,Established,Current,CDSE Ecosystem Registry,https://dataspace.copernicus.eu/ecosystem/services
Sinergise,Slovenia,Data platform,Processing/analytics,Satellite imagery platform,CDSE core/third-party service,Established,Current,CDSE Ecosystem Registry,https://dataspace.copernicus.eu/ecosystem/services
rasdaman GmbH,Germany,Data platform,Processing/analytics,Spatio-temporal datacubes,CDSE third-party service,Established,Current,CDSE Ecosystem Registry,https://dataspace.copernicus.eu/ecosystem/services
VITO Remote Sensing,Belgium,EO services,Processing/analytics,Value-added EO data,CDSE federated service,Established,Current,CDSE Ecosystem Registry,https://dataspace.copernicus.eu/ecosystem/services
GAF AG,Germany,EO services,Analytics/services,EO intelligence and emergency response,Copernicus service provider,Established,Current,ESA CCM Rapid Response Desk,https://www.esa.int/Applications/Observing_the_Earth/Copernicus/19_New_Space_signatures_for_Copernicus_Contributing_Missions
Mundi,Europe,Data platform,Processing/analytics,EO data services,CDSE ecosystem service,Emerging/unclear,Current,CDSE Ecosystem Registry,https://dataspace.copernicus.eu/ecosystem/services
