field,type,definition
company_id,text,stable internal identifier
company_name,text,company legal/common name
country,text,primary European country
founded_year,integer,year founded
employees,numeric,latest known employees
revenue_eur_m,numeric,latest known EO/company revenue where comparable
funding_total_eur_m,numeric,publicly reported funding
latest_funding_year,integer,latest known funding year
maturity,category,startup/scaleup/established/large
primary_layer,category,space/data/ground/analytics/application
value_chain_position,category,raw_data/data_infra/processing/analytics/application/integrated
technology_domain,category,optical/SAR/hyperspectral/thermal/RF/atmospheric/multimodal
specific_capability,text,specific EO capability
target_sector,text,main customer vertical(s)
business_model,category,data/licensing/SaaS/services/hardware/integrated
customer_type,text,government/enterprise/consumer/mixed
proprietary_data,boolean,whether company owns/operates proprietary EO data
open_data_dependency,category,low/medium/high/unknown
copernicus_ccm,boolean,Copernicus Contributing Mission
cdse_presence,boolean,presence in Copernicus Data Space ecosystem
incubed,boolean,ESA InCubed involvement
esa_bic,boolean,ESA BIC relationship
esa_relationship_notes,text,evidence/description
funding_sources,text,public/private funding context
source_url,text,primary evidence URL
source_date,text,publication/access date
confidence,category,high/medium/low
