company_id,company,country,primary_layer,technology_domain,specific_capability,european_programme_role,maturity_bucket,programme_reference_year,evidence_type,source_url,founded_year,employees,revenue_eur_m,funding_total_eur_m,latest_funding_year,target_sector,business_model,customer_type,proprietary_data,open_data_dependency,copernicus_ccm,cdse_presence,incubed,esa_bic,value_chain_position,confidence
EO0001,Aerospacelab,Belgium,Satellite/data provider,Optical,Multispectral,Copernicus Contributing Mission,Emerging,2023,ESA/EC CCM cohort,https://www.esa.int/Applications/Observing_the_Earth/Copernicus/New_Space_companies_join_Copernicus,,,,,,,Data / licensing,,True,,True,,,,EO data,high
EO0002,Prométhée Earth Intelligence,France,Satellite/data provider,Optical,Multispectral,Copernicus Contributing Mission,Emerging,2023,ESA/EC CCM cohort,https://www.esa.int/Applications/Observing_the_Earth/Copernicus/New_Space_companies_join_Copernicus,,,,,,,Data / licensing,,True,,True,,,,EO data,high
EO0003,EnduroSat,Bulgaria,Satellite/data provider,Optical,Multispectral,Copernicus Contributing Mission,Emerging,2023,ESA/EC CCM cohort,https://www.esa.int/Applications/Observing_the_Earth/Copernicus/New_Space_companies_join_Copernicus,,,,,,,Data / licensing,,True,,True,,,,EO data,high
EO0004,Kuva Space,Finland,Satellite/data provider,Hyperspectral,Hyperspectral,Copernicus Contributing Mission,Emerging,2023,ESA/EC CCM cohort,https://www.esa.int/Applications/Observing_the_Earth/Copernicus/New_Space_companies_join_Copernicus,,,,,,,Data / licensing,,True,,True,,,,EO data,high
EO0005,constellr,Germany,Satellite/data provider,Thermal,Thermal infrared,Copernicus Contributing Mission,Emerging,2023,ESA/EC CCM cohort,https://www.esa.int/Applications/Observing_the_Earth/Copernicus/New_Space_companies_join_Copernicus,,,,,,,Data / licensing,,True,,True,,,,EO data,high
EO0006,OroraTech,Germany,Satellite/data provider,Thermal,Thermal infrared,Copernicus Contributing Mission,Emerging,2023,ESA/EC CCM cohort,https://www.esa.int/Applications/Observing_the_Earth/Copernicus/New_Space_companies_join_Copernicus,,,,,,,Data / licensing,,True,,True,,,,EO data,high
EO0007,Aistech Space,Spain,Satellite/data provider,Thermal,Thermal infrared,Copernicus Contributing Mission,Emerging,2023,ESA/EC CCM cohort,https://www.esa.int/Applications/Observing_the_Earth/Copernicus/New_Space_companies_join_Copernicus,,,,,,,Data / licensing,,True,,True,,,,EO data,high
EO0008,Satlantis,Spain,Satellite/data provider,Optical,Atmospheric composition,Copernicus Contributing Mission,Emerging,2023,ESA/EC CCM cohort,https://www.esa.int/Applications/Observing_the_Earth/Copernicus/New_Space_companies_join_Copernicus,,,,,,,Data / licensing,,True,,True,,,,EO data,high
EO0009,Absolut Sensing,France,Satellite/data provider,Atmospheric,Atmospheric composition,Copernicus Contributing Mission,Emerging,2023,ESA/EC CCM cohort,https://www.esa.int/Applications/Observing_the_Earth/Copernicus/New_Space_companies_join_Copernicus,,,,,,,Data / licensing,,True,,True,,,,EO data,high
EO0010,Marble Imaging,Germany,Satellite/data provider,Optical,Optical imaging,Copernicus Contributing Mission,Emerging,2025,ESA/EC CCM cohort,https://www.esa.int/Applications/Observing_the_Earth/Copernicus/Six_new_commercial_missions_join_Copernicus,,,,,,,Data / licensing,,True,,True,,,,EO data,high
EO0011,SatVu,United Kingdom,Satellite/data provider,Thermal,Thermal infrared,Copernicus Contributing Mission,Emerging,2025,ESA/EC CCM cohort,https://www.esa.int/Applications/Observing_the_Earth/Copernicus/Six_new_commercial_missions_join_Copernicus,,,,,,,Data / licensing,,True,,True,,,,EO data,high
EO0012,ORUS,France,Satellite/data provider,Optical,Optical imaging,Copernicus Contributing Mission,Emerging,2025,ESA/EC CCM cohort,https://www.esa.int/Applications/Observing_the_Earth/Copernicus/Six_new_commercial_missions_join_Copernicus,,,,,,,Data / licensing,,True,,True,,,,EO data,high
EO0013,Unseenlabs,France,Satellite/data provider,RF,RF geolocation,Copernicus Contributing Mission,Emerging,2025,ESA/EC CCM cohort,https://www.esa.int/Applications/Observing_the_Earth/Copernicus/Six_new_commercial_missions_join_Copernicus,,,,,,,Data / licensing,,True,,True,,,,EO data,high
EO0014,Hisdesat,Spain,Satellite/data provider,Optical/Radar,Commercial EO data,Copernicus Contributing Mission,Established,2025,ESA/EC CCM contract,https://www.esa.int/Applications/Observing_the_Earth/Copernicus/19_New_Space_signatures_for_Copernicus_Contributing_Missions,,,,,,,Data / licensing,,True,,True,,,,EO data,high
EO0015,E-Geos,Italy,Satellite/data provider,Optical/Radar,Commercial EO data,Copernicus Contributing Mission,Established,2025,ESA/EC CCM contract,https://www.esa.int/Applications/Observing_the_Earth/Copernicus/19_New_Space_signatures_for_Copernicus_Contributing_Missions,,,,,,,Data / licensing,,True,,True,,,,EO data,high
EO0016,Airbus Defence and Space,France/Germany,Satellite/data provider,Optical/Radar,Commercial EO data,Copernicus Contributing Mission,Established,2025,ESA/EC CCM contract,https://www.esa.int/Applications/Observing_the_Earth/Copernicus/19_New_Space_signatures_for_Copernicus_Contributing_Missions,,,,,,,Data / licensing,,True,,True,,,,EO data,high
EO0017,ICEYE,Finland,Satellite/data provider,Radar,SAR,Copernicus Contributing Mission,Established,2025,ESA/EC CCM contract,https://www.esa.int/Applications/Observing_the_Earth/Copernicus/19_New_Space_signatures_for_Copernicus_Contributing_Missions,,,,,,,Data / licensing,,True,,True,,,,EO data,high
EO0018,GEOSAT,Portugal,Satellite/data provider,Optical,Commercial EO data,Copernicus Contributing Mission,Established,2025,ESA/EC CCM contract,https://www.esa.int/Applications/Observing_the_Earth/Copernicus/19_New_Space_signatures_for_Copernicus_Contributing_Missions,,,,,,,Data / licensing,,True,,True,,,,EO data,high
EO0019,CloudFerro,Poland,Cloud/data infrastructure,Cloud,EO cloud processing,CDSE third-party service,Established,Current,CDSE Ecosystem Registry,https://dataspace.copernicus.eu/ecosystem/services,,,,,,,Platform / infrastructure,,,,,True,,,Data infrastructure,high
EO0020,Sinergise,Slovenia,Data platform,Processing/analytics,Satellite imagery platform,CDSE core/third-party service,Established,Current,CDSE Ecosystem Registry,https://dataspace.copernicus.eu/ecosystem/services,,,,,,,Platform / infrastructure,,,,,True,,,Data infrastructure,high
EO0021,rasdaman GmbH,Germany,Data platform,Processing/analytics,Spatio-temporal datacubes,CDSE third-party service,Established,Current,CDSE Ecosystem Registry,https://dataspace.copernicus.eu/ecosystem/services,,,,,,,Platform / infrastructure,,,,,True,,,Data infrastructure,high
EO0022,VITO Remote Sensing,Belgium,EO services,Processing/analytics,Value-added EO data,CDSE federated service,Established,Current,CDSE Ecosystem Registry,https://dataspace.copernicus.eu/ecosystem/services,,,,,,,Services / analytics,,,,,True,,,Analytics / applications,high
EO0023,GAF AG,Germany,EO services,Analytics/services,EO intelligence and emergency response,Copernicus service provider,Established,Current,ESA CCM Rapid Response Desk,https://www.esa.int/Applications/Observing_the_Earth/Copernicus/19_New_Space_signatures_for_Copernicus_Contributing_Missions,,,,,,,Services / analytics,,,,,True,,,Analytics / applications,high
EO0024,Mundi,Europe,Data platform,Processing/analytics,EO data services,CDSE ecosystem service,Emerging/unclear,Current,CDSE Ecosystem Registry,https://dataspace.copernicus.eu/ecosystem/services,,,,,,,Platform / infrastructure,,,,,True,,,Data infrastructure,high
EO0025,S&T,Austria,EO services,Analytics/services,EO and atmospheric data services,CDSE ecosystem,Established,Current,CDSE Ecosystem Registry,https://dataspace.copernicus.eu/ecosystem/services,,,,,,,Services / analytics,,,,,True,,,Analytics / applications,high
EO0026,T-Systems,Germany,Cloud/data infrastructure,Cloud,European sovereign cloud infrastructure,CDSE ecosystem,Established,Current,CDSE Ecosystem Registry,https://dataspace.copernicus.eu/ecosystem/services,,,,,,,Platform / infrastructure,,,,,True,,,Data infrastructure,high
EO0027,GeoVille,Austria,EO services,Analytics/services,EO monitoring and geospatial intelligence,CDSE ecosystem,Established,Current,CDSE Ecosystem Registry,https://dataspace.copernicus.eu/ecosystem/services,,,,,,,Services / analytics,,,,,True,,,Analytics / applications,high
EO0028,Dunia / GeoVille,Austria,Data platform,Processing/analytics,EO platform and African satellite data processing,CDSE ecosystem,Established,Current,CDSE Ecosystem Registry,https://dataspace.copernicus.eu/ecosystem/services,,,,,,,Platform / infrastructure,,,,,True,,,Data infrastructure,high
EO0029,European Space Imaging,Germany,Satellite/data provider,Optical,Very-high-resolution optical data,Copernicus Contributing Mission,Established,2025,CCM data provider,https://www.rapidresponse.copernicus.eu/privacy-policy/,,,,,,,Data / licensing,,True,,,,,,EO data,medium
EO0030,EUSI,Germany,Satellite/data provider,Optical,Very-high-resolution optical data,Copernicus Contributing Mission,Established,2025,CCM data provider,https://www.rapidresponse.copernicus.eu/privacy-policy/,,,,,,,Data / licensing,,True,,,,,,EO data,medium
EO0031,GHGSat Europe,Germany/Canada,Satellite/data provider,Atmospheric,Methane and greenhouse-gas monitoring,Copernicus Contributing Mission,Established,2025,CCM data provider,https://www.rapidresponse.copernicus.eu/privacy-policy/,,,,,,,Data / licensing,,True,,,,,,EO data,medium
EO0032,Planet Labs Germany,Germany/USA,Satellite/data provider,Optical,High-revisit optical imagery,Copernicus Contributing Mission,Established,2025,CCM data provider,https://www.rapidresponse.copernicus.eu/privacy-policy/,,,,,,,Data / licensing,,True,,,,,,EO data,medium
EO0033,Telespazio,Italy,Satellite/data provider,Optical/Radar,Commercial EO data and geoinformation,Copernicus ecosystem,Established,Current,Italian EO ecosystem,https://www.esa.int/Applications/Observing_the_Earth/Copernicus/19_New_Space_signatures_for_Copernicus_Contributing_Missions,,,,,,,Data / licensing,,True,,,,,,EO data,medium
